id_commune;nom;code_insee;latitude;longitude;altitude_m;zone_climatique;remarque_agricole;source Lat/Lon API Géo;url;source altitude min/max/moy;url;verifiee_le;confiance;;
1;Lille;59350;50.63;3.06;25;océanique dégradé;Flandre - betterave et blé;50.6311 / 3.0468;https://geo.api.gouv.fr/communes?nom=Lille&fields=nom,code,centre;18/ 46 ;https://fr.wikipedia.org/wiki/Lille;21/09/2026;verifiee;;
2;Brest;29019;48.39;-4.49;50;océanique;Littoral ouest - polyculture élevage;48.4085 / -4.4996;https://geo.api.gouv.fr/communes?nom=Brest&fields=nom,code,centre;(-3)/109 ;https://fr-fr.topographic-map.com/map-mdn/Brest/;21/09/2026;verifiee;;
3;Rennes;35238;48.11;-1.68;30;océanique;Bretagne - polyculture élevage;48.1159 / -1.6884;https://geo.api.gouv.fr/communes?nom=Rennes&fields=nom,code,centre;20/74;https://fr-fr.topographic-map.com/map-2557/Rennes/;21/09/2026;verifiee;;
4;Reims;51454;49.26;4.03;85;océanique dégradé;Champagne - vigne;49.2535 / 4.0551;https://geo.api.gouv.fr/communes?nom=Reims&fields=nom,code,centre;70/166;https://fr-fr.topographic-map.com/map-k18/Reims/;21/09/2026;verifiee;;
5;Paris;75056;48.85;2.35;35;océanique dégradé;Bassin parisien - îlot de chaleur urbain;48.8589 / 2.347;https://geo.api.gouv.fr/communes?nom=Paris&fields=nom,code,centre;21/131;https://fr.wikipedia.org/wiki/Paris;21/09/2026;verifiee;;
6;Orléans;45234;47.90;1.90;100;océanique dégradé;Beauce - grandes cultures céréalières;47.8734 / 1.9122;https://geo.api.gouv.fr/communes?nom=Orleans&fields=nom,code,centre;90/124;https://fr.wikipedia.org/wiki/Orl%C3%A9ans;21/09/2026;verifiee;;
7;Strasbourg;67482;48.58;7.75;140;semi-continental;Plaine d'Alsace - maïs;48.5691 / 7.7621;https://geo.api.gouv.fr/communes?nom=Strasbourg&fields=nom,code,centre;127/94;https://fr-fr.topographic-map.com/map-jbgf3/Strasbourg/;21/09/2026;verifiee;;
8;Nancy;54395;48.69;6.18;210;semi-continental;Lorraine - polyculture;48.6881 / 6.1734;https://geo.api.gouv.fr/communes?nom=Nancy&fields=nom,code,centre;187/345;https://fr-fr.topographic-map.com/map-xf3/Nancy/;21/09/2026;verifiee;;
9;Dijon;21231;47.32;5.04;245;semi-continental;Bourgogne - vigne;47.3319 /  5.0322;https://geo.api.gouv.fr/communes?nom=Dijon&fields=nom,code,centre;215/437;https://fr-fr.topographic-map.com/map-mmt/Dijon/;21/09/2026;verifiee;;
10;Clermont-Ferrand;63113;45.78;3.08;330;semi-continental;Limagne - céréales;45.787 / 3.1127;https://geo.api.gouv.fr/communes?nom=Clermont-Ferrand&fields=nom,code,centre;326/899;https://fr-fr.topographic-map.com/map-g4s/Clermont-Ferrand/;21/09/2026;verifiee;;
11;Lyon;69123;45.76;4.84;170;semi-continental;Vallée du Rhône;45.758 / 4.8351;https://geo.api.gouv.fr/communes?nom=Lyon&fields=nom,code,centre;160/333;https://fr-fr.topographic-map.com/map-ps2pmt/Lyon/;21/09/2026;verifiee;;
12;Bordeaux;33063;44.84;-0.58;10;océanique aquitain;Sud-Ouest - vigne et maïs;44.8624 / -0.5848;https://geo.api.gouv.fr/communes?nom=Bordeaux&fields=nom,code,centre;(-4)/76;https://fr-fr.topographic-map.com/map-k3l/Bordeaux/;21/09/2026;verifiee;;
13;Toulouse;31555;43.60;1.44;150;océanique aquitain;Sud-Ouest - céréales tournesol maïs;43.6007 / 1.4328;https://geo.api.gouv.fr/communes?nom=Toulouse&fields=nom,code,centre;117/262;https://fr-fr.topographic-map.com/map-lz4/Toulouse/;21/09/2026;verifiee;;
14;Avignon;84007;43.95;4.81;25;méditerranéen;Vallée du Rhône - vergers vigne maraîchage;43.9416 / 4.8333;https://geo.api.gouv.fr/communes?nom=Avignon&fields=nom,code,centre;12/184;https://fr-fr.topographic-map.com/map-scz/Avignon/;21/09/2026;verifiee;;
15;Montpellier;34172;43.61;3.88;30;méditerranéen;Languedoc - vigne;43.61 / 3.8742;https://geo.api.gouv.fr/communes?nom=Montpellier&fields=nom,code,centre;(-1)/129;https://fr-fr.topographic-map.com/map-9kl/Montpellier/;21/09/2026;verifiee;;
16;Briançon;5023;44.90;6.64;1326;montagnard;Alpes - alpages - ville la plus haute de France;44.8995 / 6.6536;https://geo.api.gouv.fr/communes?nom=Briançon&fields=nom,code,centre;1160/2597;https://fr-fr.topographic-map.com/map-v51/Brian%C3%A7on/;21/09/2026;verifiee;;