id_culture;nom;type;t_base_c;gdd_maturite_cj;seuil_gel_c;besoin_eau_mm;t_opt_min_c;t_opt_max_c;seuil_stress_thermique_c;source_institut;url_source_temperature-base;url_sourceGDD-maturite;url_source-seuilGel;url_source_besoin_eau;url_optmin-optmax;url_seuil_stress;consulté le;confiance;remarque
BLE_TENDRE_H;Ble tendre d'hiver;cereale_hiver;0;2150;-4;500;15;22;30;ARVALIS — Institut du végétal/ Uliege/herbea/ slideshare / elfer;Source température-base. ;Source Maturite;Source Seuil-gel;Source Besoin-eau;Source OptmM;Source Seuil-stress;11/09/2026;Élevé;Échaudage si T > 30 degré au remplissage. Gel épi 1 cm à -4 degré
ORGE_H;Orge d'hiver;cereale_hiver;0;1900;-5;450;12;20;30;ARVALIS — Institut du végétal/ Uliege / wikifarmer;Source température-base. ;Source Maturite;Source Seuil-gel;Source Besoin-eau;Source OptmM;Source Seuil-stress;11/09/2026;Élevé;Précoce (esquive la sécheresse). Gel montaison à -5 degré
COLZA_H;Colza d'hiver;oleagineux_hiver;5;2200;-5;450;12;22;27;Terres Inovia / YARA;Source température-base;Source Maturite;Source Seuil-gel;Source Besoin-eau;Source OptmM;Source Seuil-stress;11/09/2026;Élevé;Gel floraison à -5 degré.  Risque d'avortement des fleurs si T > 27 degré
MAIS_GRAIN;Mais grain;cereale_ete;6;1600;0;600;20;30;35;ARVALIS / FAO / Farmi;Source température-base;Source maturite;Source Seuil-gel;Source Besoin-eau;Source OptmM;Source Seuil-stress;11/09/2026;Élevé;Sensible au gel (0 degré)  Plafonner  Tmax à 30 degré  pour les GDD.
TOURNESOL;Tournesol;oleagineux_ete;6;1550;-1;500;20;28;34;Terres Inovia /Syngenta / WikiFARMER/ragt-seeds;Source température-base;Source Maturite;Source Seuil-gel;Source Besoin-eau;Source OptmM;Source Seuil-stress;11/09/2026;Moyenne;Racines profondes (tolère le sec). Sensible au gel de levée.
SOJA;Soja;oleoproteagineux_ete;10;1500;0;550;20;30;35;Terres Inovia / RAESA/ Pioneer;Source température-base;Source Maturite;Source Seuil-gel;Source Besoin-eau;Source OptmM;Source Seuil-stress;11/09/2026;Élevé;Tbase  élevée (10 à degré) Très sensible au gel (0 degré)
BETTERAVE;Betterave sucriere;industrielle;3;2400;-4;650;18;22;30;Institut Technique de la Betterave/CMGP-CAS/ irbab-kbivb / ADAMA/ reporterre / fermedesaintmarthe;Source température-base;Source Maturite;Source Seuil-gel;Source Besoin-eau;Source OptmM;Source Seuil-stress;11/09/2026;Moyenne;Cycle long. Suivi de la réserve d'eau critique (650 mm).
POMME_TERRE;Pomme de terre;tubercule;7;1500;-2;600;15;20;28;PerspectivesAgricoles/Labonnegraine / Wikipedia / plantdepommedeterre / Ephytia / Yara;Source température-base;Source Maturite;Source Seuil-gel;Source Besoin-eau;Source OptmM;Source Seuil-stress;11/09/2026;Moyenne;Tubérisation stoppée si T > 28 degré. Gel feuillage à -2 degré
VIGNE;Vigne (raisin de cuve);perenne;10;1300;-2;400;25;30;35;Mots-agronomie Temps Thermiques / Dumas / IFV vignevin;Source température-base;Source Maturite;Source seuil_gel;Source Besoin-eau;Source OptmM;Source Seuil_stress;11/09/2026;Faible;Gel à -2 degré  au débourrement. Blocs de maturité si T > 35 degré
OLIVIER;Olivier;perenne;10;;-8;300;25;32;40;Irritec / WikiFARMER/ France olive/ Gamm vert/ dfinnova;Source température_base;/;Source Seuil-gel;/;Source OptmM;Source Seuil-stress;11/09/2026;Faible;Culture pérenne. Besoin de froid hivernal (vernalisation).