id_culture;nom;type;t_base_c;gdd_maturite_cj;seuil_gel_c;besoin_eau_mm;t_opt_min_c;t_opt_max_c;seuil_stress_thermique_c;stade_concerne;source_institut;url_t_base;url_gdd;url_gel;url_eau;url_t_opt;url_stress;date_consultation;confiance;seuils_a_revoir;remarque
BLE_TENDRE_H;Blé tendre d'hiver;cereale_hiver;0;2150;-4;500;15;22;30;épi 1 cm / début montaison (gel);ARVALIS / Chambres d'agriculture / FAO;https://opera-connaissances.chambres-agriculture.fr/doc_num.php?explnum_id=185517;https://www.arvalis.fr/infos-techniques/chaleur-exceptionnelle-doctobre-les-consequences-possibles-sur-les-cereales-juste;https://www.arvalis.fr/infos-techniques/comment-diagnostiquer-deventuels-degats-lies-au-froid;https://www.perspectives-agricoles.com/conduite-de-cultures/modelisation-des-besoins-en-eau-combien-consomment-les-cultures;https://www.fao.org/land-water/databases-and-software/crop-information/wheat/en/;https://www.arvalis.fr/infos-techniques/quelles-consequences-des-temperatures-elevees-sur-le-remplissage-des-grains;15/09/2026;Élevée;"t_opt_max 20 et non 22 ; échaudage dès 25 °C selon AgriClim";Gel d'épi à -4 °C sous abri peu après épi 1 cm (ARVALIS 2017) : le stade retenu est le bon. Écrêtage à 25 °C à ajouter à la formule des degrés-jours.
ORGE_H;Orge d'hiver;cereale_hiver;0;1900;-5;450;12;20;30;début montaison (gel);ARVALIS / FAO / Université de Liège;https://matheo.uliege.be/bitstream/2268.2/2633/1/Memoire-final-Raphael-Delattre.pdf;https://blog.spotifarm.fr/tour-de-plaine-spotifarm/somme-de-temperature-pourquoi-suivre-levolution-des-degres-jours;https://fiches.arvalis-infos.fr/fiche_accident/fiches_accidents.php?mode=fa&type_cul=12&type_acc=5&id_acc=489;https://www.arvalis.fr/infos-techniques/declencher-lirrigation-au-bon-moment;https://www.fao.org/4/S8500F/s8500f0e.htm;https://www.arvalis.fr/infos-techniques/quelles-consequences-des-temperatures-elevees-sur-le-remplissage-des-grains;15/09/2026;Élevée;" gel -4 et non -5 ; t_opt_min 15 et non 12";ARVALIS classe l'orge d'hiver plus sensible au gel que le blé : retenir -5 °C inverse la hiérarchie réelle.
COLZA_H;Colza d'hiver;oleagineux_hiver;5;2200;-5;450;12;22;27;floraison (gel);Terres Inovia / INRAE;https://mots-agronomie.inrae.fr/index.php/Temps_thermique_(sommes_de_temp%C3%A9ratures);https://climadiag-agriculture.fr/static/Climadiag_Agriculture_Guide_Utilisateur_2024v1.pdf;https://www.terresinovia.fr/-/accidents-climatiques-sur-colza-gelees-printanieres;https://www.terresinovia.fr/-/accidents-climatiques-sur-colza-manque-ou-exces-d-eau;https://www.yara.fr/fertilisation/solutions-pour-cultures/colza/agronomie-colza/;https://www.nature.com/articles/s41598-026-41957-7;15/09/2026;Moyenne;" gdd_maturite ; besoin_eau 600 et non 450 ; ";Aucune source ne donne 5 °C : INRAE dit 6 °C, AgroParisTech dit voisin de 0 °C. Les -5 °C portent sur la destruction foliaire, pas sur la floraison.
MAIS_GRAIN;Maïs grain;cereale_ete;6;1600;0;600;20;30;35;fin de cycle (gel), floraison (stress);ARVALIS / FAO;https://www.perspectives-agricoles.com/sites/default/files/imported_files/309_624182783890695089.pdf;https://www.perspectives-agricoles.com/sites/default/files/imported_files/309_624182783890695089.pdf;https://fiches.arvalis-infos.fr/fiche_accident/fiches_accidents.php?mode=fa&type_cul=3&type_acc=5&id_acc=327;https://www.perspectives-agricoles.com/conduite-de-cultures/modelisation-des-besoins-en-eau-combien-consomment-les-cultures;https://www.perspectives-agricoles.com/recherche-agronomie/les-fortes-chaleurs-penalisent-le-potentiel-des-mais;https://s3.eu-west-1.amazonaws.com/data.gaezdev.aws.fao.org/crop_profiles/GAEZ_Crop_profile_maize.pdf;15/09/2026;Élevée;gdd_maturite 1600 ne couvre que les variétés très précoces;Formule officielle française en base 6 °C avec écrêtage de Tmax à 30 °C. La notation base 6-30 est reprise sur arvalis.fr, page Les previsions du stade floraison du mais. Besoin en eau 600 mm = haut de fourchette, moyenne 500 mm.
TOURNESOL;Tournesol;oleagineux_ete;6;1550;-1;500;20;28;34;levée (gel);AgroParisTech / INRAE / Chambre d'agriculture du Tarn;https://siafee.fr/phytotechnie/tournesol/tour_devlpt.htm;https://siafee.fr/phytotechnie/tournesol/tour_devlpt.htm;https://www.masseeds.fr/wp-content/uploads/sites/2/2024/05/fr_sunflower_lv.pdf;https://tarn.chambres-agriculture.fr/fileadmin/user_upload/284_chambre_dagriculture_-_tarn/Interface/Bulletins_techniques/Bulletins_irrigation_Hydro/bulletins_irrigation_2024/Pilotage_irrigation_tournesol.pdf;https://sunflo.pages-forge.inrae.fr/sunflower/articles/_0_sunflo_documentation.html;https://sunflo.pages-forge.inrae.fr/sunflower/articles/_0_sunflo_documentation.html;15/09/2026;Moyenne;"gdd_maturite 1600-1700 ; besoin_eau 400 en contexte français ; seuil_stress 37 ou 28";t_opt 20-28 °C est la seule valeur exactement confirmée par une source primaire (modèle SUNFLO, INRAE).
SOJA;Soja;oleoproteagineux_ete;10;1500;0;550;20;30;35;floraison (gel);OCL / FAO / Terres Inovia;https://www.ocl-journal.org/articles/ocl/full_html/2015/05/ocl150028-s/ocl150028-s.html;https://www.ocl-journal.org/articles/ocl/full_html/2015/05/ocl150028-s/ocl150028-s.html;https://www.ndsu.edu/agriculture/ag-hub/ag-topics/crops/soybeans/evaluating-frost-damage-soybean-09/10/20;https://www.fao.org/land-water/databases-and-software/crop-information/soybean/ru/;https://www.fao.org/land-water/databases-and-software/crop-information/soybean/ru/;https://www.fao.org/land-water/databases-and-software/crop-information/soybean/ru/;15/09/2026;Moyenne;"t_base 6 et non 10 ; gdd_maturite 1910-2070 en base 6 ; ";Les 10 °C correspondent au seuil de sol au semis, pas à la base des degrés-jours. t_base et gdd_maturite doivent être corrigés ensemble.
BETTERAVE;Betterave sucrière;industrielle;3;2400;-4;650;18;22;30;jeune plante (gel);ITB / IRBAB-KBIVB / FAO;https://www.irbab-kbivb.be/wp-content/uploads/2018/04/Pr%C3%A9paration-semis.pdf;https://www.larousse.fr/archives/agricole/page/73;https://www.itbfr.org/tous-les-articles/article/news/episode-de-gel-dans-quels-cas-faut-il-ressemer-1;https://www.fao.org/land-water/databases-and-software/crop-information/sugarbeet/fr;https://www.fao.org/land-water/databases-and-software/crop-information/sugarbeet/fr;https://www.fao.org/land-water/databases-and-software/crop-information/sugarbeet/fr;15/09/2026;Moyenne;besoin_eau 400-600 selon l'ITB contre 550-750 selon la FAO;Les 3 °C sont un seuil d'activité de la graine, pas une température de base de degrés-jours.
POMME_TERRE;Pomme de terre;tubercule;7;1500;-2;600;15;20;28;feuillage (gel);FAO / INRAE Ephytia;https://www.arvalis.fr/infos-techniques/pommes-de-terre-un-climat-qui-favorise-les-defauts-physiologiques-pouvant-alterer;https://blog.spotifarm.fr/tour-de-plaine-spotifarm/somme-de-temperature-pourquoi-suivre-levolution-des-degres-jours;https://ephytia.inrae.fr/fr/C/21109/Pomme-de-terre-Gel-ou-froid;https://www.fao.org/land-water/databases-and-software/crop-information/potato/ru;https://ephytia.inrae.fr/fr/C/23964/Tropileg-Pomme-de-terre;https://ephytia.inrae.fr/fr/C/23964/Tropileg-Pomme-de-terre;16/09/2026;Élevéé;;La filière raisonne en jours de cycle par groupe de précocité, pas en degrés-jours.
VIGNE;Vigne (raisin de cuve);perenne;10;1300;-2;400;25;30;35;débourrement / pointe verte (gel);Huglin 1978 / Chambre d'agriculture du Var / OENO One;https://www-iuem.univ-brest.fr/wapps/letg/adviclim/BDX/PDF/CR_Acad%C3%A9mie_agriculture_1978_64_Huglin.pdf;https://ives-openscience.eu/wp-content/uploads/2023/03/Heat_Requirements_Grapevine_Van_Leeuwen.pdf;https://paca.chambres-agriculture.fr/fileadmin/user_upload/257_chambres_dagriculture_provence-alpes-cote_dazur/CA83/Documents/Pages/Fiche_post_alea_Gel_-_Viticulture.pdf;https://www.vignevin-occitanie.com/vignobles-innovants-et-ecoresponsables-fiches-pratiques/irrigation-et-profil-produit-dun-vie/;https://oeno-one.eu/article/view/1587;https://vignevin-charentes.com/wp-content/uploads/2024/11/ADAPTATION-AU-STRESS-HYDRIQUE-ET-THERMIQUE.pdf;16/09/2026;Élevée; gdd varie de 1204 à 1940 selon le cépage;Seuil de gel très dépendant du stade : -2 °C à la pointe verte mais sous -8 °C en bourgeon dormant.
OLIVIER;Olivier;perenne;10;;-8;300;25;32;40;jeune plant et bourgeons (gel);France Olive - AFIDOL / FAO;https://www.franceolive.fr/categorie/connaissance-de-l-arbre/presentation-de-l-arbre;https://www.fao.org/4/i2800e/i2800e09.pdf;https://www.franceolive.fr/categorie/connaissance-de-l-arbre/presentation-de-l-arbre;https://franceolive.fr/wp-content/uploads/2021/10/SITEVI-2021-bien-maitriser-irrigation-mieux-produire.pdf;https://www.mdpi.com/2073-4395/11/8/1492;https://www.fao.org/4/i2800e/i2800e09.pdf;16/09/2026;Faible;"t_opt 16-25 et non 25-32 ; seuil_stress 35 et non 40";Pas de degrés-jours de maturité : cycle reproductif de 15 à 18 mois et besoin de froid hivernal. Les -8 °C valent pour un jeune plant, -17 à -18 °C pour un arbre adulte.